DatasetID,DatasetName,URL,FileName,File size ,Details/Comments,SubjectArea,CREDIT/ACKNOWLEDGEMENT,Dataset available?,Student Group List (unique values in drop down list),FORM to complete to make Dataset request
ds001,Lettuce Growth Days Analysis,https://www.kaggle.com/datasets/jurijsruko/lettuce,lettuce_dataset.csv,101.81 kB,Lettuce growth,AGRICULTURE,All reports to include acknowledgement of the original source/authors,Yes,,https://forms.office.com/e/fQTPbS2skJ
ds002,Student Depression Dataset,https://www.kaggle.com/datasets/adilshamim8/student-depression-dataset,student_depression_dataset.csv(2.9 MB),2.9 MB,High School Mental Health,HEALTH,All reports to include acknowledgement of the original source/authors,Yes,,https://forms.office.com/e/fQTPbS2skJ
ds003,Loan Approval Classification Dataset,https://www.kaggle.com/datasets/taweilo/loan-approval-classification-data,loan_data.csv(3.61 MB),3.61 MB,Loan Approval,FINANCE,All reports to include acknowledgement of the original source/authors,Yes,,https://forms.office.com/e/fQTPbS2skJ
ds004,Remote Work & Mental Health 🌍🧠,https://www.kaggle.com/datasets/waqi786/remote-work-and-mental-health,Impact_of_Remote_Work_on_Mental_Health.csv(59,598 kB,Physical Modes of Work,EMPLOYMENT/ENVIRONMENTAL,All reports to include acknowledgement of the original source/authors,Yes,,https://forms.office.com/e/fQTPbS2skJ
ds005,Unemployment rates by Metropolitan Statistical Area 1990-2016,https://data.world/garyhoov/unemployment-rate-by-city,Unemployment rates by Metropolitan Statistical Area 1990-2016.xlsx,7.28 MB,Unemployment rates in US - split by metropolitan area and by year frm 1990 - 2016,ECONOMY,All reports to include acknowledgement of the original source/authors,Yes,,https://forms.office.com/e/fQTPbS2skJ
ds006,Mental Health in Tech Survey summary,https://data.world/quanticdata/mental-health-in-tech-survey,survey.csv,296.57 KB,Results from mental health survey for workers in tech industry in US,HEALTH,All reports to include acknowledgement of the original source/authors,Yes,,https://forms.office.com/e/fQTPbS2skJ
ds007,Stockport Secondary School Attendance and Free School Meals,https://data.world/datagov-uk/9aa522bb-bab4-4352-9e76-a47bd32139fc,secondary-free-school-meals-csv-1.csv AND secondary-attendance-csv-2.csv,19.55 KB,Attendance and free meal eligibility for secondary school students in Stockport.,EDUCATION,All reports to include acknowledgement of the original source/authors,Yes,,https://forms.office.com/e/fQTPbS2skJ
ds008,Activity History,https://data.world/jarnoma/activity-history,ACTIVITIESdata.csv,64.45 KB,Different type of physical activity data with heart rate and calories burned,HEALTH,All reports to include acknowledgement of the original source/authors,Yes,,https://forms.office.com/e/fQTPbS2skJ
ds009,Olympic medals & host cities summary,https://data.world/ian/olympic-medals-host-cities,"Summer Olympics medal count, participation, hosting - Sheet2.csv",2.43 KB,"Number of times each country has hosted the Summer olympics, medals won and games played.",SPORTS,All reports to include acknowledgement of the original source/authors,Yes,,https://forms.office.com/e/fQTPbS2skJ
ds010,[CONTENT WARNING] Breast Cancer Wisconsin summary,https://data.world/health/breast-cancer-wisconsin,breast-cancer-wisconsin-data/data.csv,122.27 KB,Characteristics of cell nuclei from breast cancer screenings.,HEALTH,All reports to include acknowledgement of the original source/authors,Yes,,https://forms.office.com/e/fQTPbS2skJ
ds011,Prison in India - Inmates Escapee,https://data.world/rajanand/prison-in-india/workspace/project-summary?agentid=rajanand&datasetid=prison-in-india,Inmates_escapee.csv,366.27 KB,Persons arrested or in Indian prisons who escaped.,CRIME,All reports to include acknowledgement of the original source/authors,Yes,,https://forms.office.com/e/fQTPbS2skJ
ds012,Prison in India - Recidivism,https://data.world/rajanand/prison-in-india/workspace/project-summary?agentid=rajanand&datasetid=prison-in-india,Recidivism.csv,10.52 KB,Reoffenders arrested and admitted into Indian prisons,CRIME,All reports to include acknowledgement of the original source/authors,Yes,,https://forms.office.com/e/fQTPbS2skJ
ds013,Silicon Valley Diversity Data summary,https://data.world/technology/silicon-valley-diversity-data/workspace/project-summary?agentid=technology&datasetid=silicon-valley-diversity-data,Reveal_EEO1_for_2016.csv,217.3 KB,Gender and ethnicity data for employees in Silicon Valley,ECONOMY,All reports to include acknowledgement of the original source/authors,Yes,,https://forms.office.com/e/fQTPbS2skJ
ds014,Bank Marketing Data,https://data.world/data-society/bank-marketing-data,bank-additional-full.csv,5.56 MB,Person data from bank marketing campaigns.,FINANCE,All reports to include acknowledgement of the original source/authors,Yes,,https://forms.office.com/e/fQTPbS2skJ
ds015,Tennis Major Tournament Match Statistics summary,https://data.world/uci/tennis-major-tournament-match-statistics,Wimbledon-men-2013.csv,13.54 KB,Match data for all matches played in Wimbledon 2013,SPORTS,All reports to include acknowledgement of the original source/authors,Yes,,https://forms.office.com/e/fQTPbS2skJ
ds016,Road Traffic Accidents 2018,https://data.world/datagov-uk/6efe5505-941f-45bf-b576-4c1e09b579a1/workspace/project-summary,2018-5.csv,182.23 KB,"Causes of road traffic accidents across Leeds, includes location, number of people and vehicles involved, road surface, weather conditions and severity of any casualties.",TRANSPORT,All reports to include acknowledgement of the original source/authors,Yes,,https://forms.office.com/e/fQTPbS2skJ
ds017,NBA Salaries,https://data.world/datadavis/nba-salaries,players.csv AND salaries_1985to2018.csv,783.07 KB,NBA player attribute and salaries from 1985 to 2018,SPORTS,All reports to include acknowledgement of the original source/authors,Yes,,https://forms.office.com/e/fQTPbS2skJ
ds018,2016 Hacker News Salary Survey Results,https://data.world/brandon-telle/2016-hacker-news-salary-survey-results,salaries_clean.csv,181.04 KB,"Self-reported salaries of tech employees, via Hacker News survey.",ECONOMY,All reports to include acknowledgement of the original source/authors,Yes,,https://forms.office.com/e/fQTPbS2skJ
ds019,China Largest Companies,https://data.world/finance/china-largest-companies,China_largest_companies.csv,5.65 KB,"China's largest company data, from Forbes Global 2000 ",ECONOMY,All reports to include acknowledgement of the original source/authors,Yes,,https://forms.office.com/e/fQTPbS2skJ
ds020,Kaggle Machine Learning & Data Science Survey - 2020,https://data.world/technology/kaggle-machine-learning-data-science-survey,kaggle_survey_2020_responses.csv,24.2 MB,Industry-wide survey of employees working across Kaggle,BUSINESS,All reports to include acknowledgement of the original source/authors,Yes,,https://forms.office.com/e/fQTPbS2skJ
ds021,Nobel Prize Winners summary,https://data.world/sya/nobel-prize-winners,nobel_prize_by_winner.csv,226.64 KB,List of Nobel Prize winners ,,All reports to include acknowledgement of the original source/authors,Yes,,https://forms.office.com/e/fQTPbS2skJ
ds022,"World Bank Population, Life Expectancy & Urbanization",https://data.world/data-literacy/world-bank-population-life-expectancy-urbanization,populationlifeexpectancy.csv,982.3 KB,Global populations by country and region in terms of life expectancy and urbanization,GLOBAL,All reports to include acknowledgement of the original source/authors,Yes,,https://forms.office.com/e/fQTPbS2skJ
ds023,Household Waste and Recycling,https://data.world/datagov-uk/e34119e3-a7bb-459d-85fc-3112e3700ec5,household-waste-and-recycling-1.csv,17.51 KB,Household Waste Collected and Recycling rates in Lincolnshire,ECONOMY,All reports to include acknowledgement of the original source/authors,Yes,,https://forms.office.com/e/fQTPbS2skJ
ds024,Employee Salaries - 2021,https://data.world/montgomery-county-of-maryland/e0398c0e-2622-41be-bc12-bf6f46bb2040,comma-separated-values-file-1.csv,785.61 KB,"Annual salary information for permanent employees of Montgomery County, MD",ECONOMY,All reports to include acknowledgement of the original source/authors,Yes,,https://forms.office.com/e/fQTPbS2skJ
ds025,Most Followed on Instagram summary,https://data.world/socialmediadata/most-followed-on-instagram,most_followed_ig.csv,7.96 KB,Instagram follower and activity data of top celebrity accounts,TECHNOLOGY,All reports to include acknowledgement of the original source/authors,Yes,,https://forms.office.com/e/fQTPbS2skJ
ds026,Air Traffic Passenger Data,https://data.world/data-society/air-traffic-passenger-data,Air_Traffic_Passenger_Statistics.csv,1.89 MB,San Francisco International Airport Report on Monthly Passenger Traffic Statistics by Airline.,BUSINESS,All reports to include acknowledgement of the original source/authors,Yes,,https://forms.office.com/e/fQTPbS2skJ
ds027,Gun Deaths by County (US),https://data.world/nkrishnaswami/gun-deaths-by-county/workspace/file?filename=gun-deaths-by-county-QueryResult.csv,gun-deaths-by-county-QueryResult.csv,102.1 KB,"Number of deaths caused by guns across all US counties, between 1999-2010",CRIME,All reports to include acknowledgement of the original source/authors,Yes,,https://forms.office.com/e/fQTPbS2skJ
ds028,University Student Satisfaction Survey Results,https://data.world/ericparker/university-student-satisfaction-survey-results,Survey Data Final.xlsx,66 KB,Mock data for a survey of people who previously studied at a US university.,OTHER,All reports to include acknowledgement of the original source/authors,Yes,,https://forms.office.com/e/fQTPbS2skJ
ds029,Texas Amusement Park Accidents,https://data.world/amillerbernd/texas-amusement-park-accidents,Amusement-Park-Injuries-xlsxCleaned.xls,156.5 KB,"Accident incidents recorded at Texas amusement parks from Feb. 1, 2013 - Feb. 1, 2017",HEALTH,All reports to include acknowledgement of the original source/authors,Yes,,https://forms.office.com/e/fQTPbS2skJ
ds030,Coronavirus daily data summary,https://data.world/markmarkoh/coronavirus-data,full_data.csv,15.78 MB,Global data on coronoavirus (COVID-19) cases and deaths,HEALTH,All reports to include acknowledgement of the original source/authors,Yes,,https://forms.office.com/e/fQTPbS2skJ
